{
  "id": "0015",
  "original_id": "0015",
  "title": "Rocket",
  "difficulty": 2,
  "category": "transport",
  "main_image": "img-0015.png",
  "thumbnail": "thumb-0015.png",
  "languages": {
    "chinese": {
      "big_text": " 火箭",
      "small_text": "Huǒjiàn",
      "big_file": "big-zh-0015.png",
      "small_file": "small-zh-0015.png",
      "notes": ""
    },
    "english": {
      "big_text": "rocket",
      "small_text": "ˈräkət",
      "big_file": "big-en-0015.png",
      "small_file": "small-en-0015.png",
      "notes": ""
    }
  },
  "_folder_path": "flipcard\\flip-0015",
  "_folder_name": "flip-0015"
}