{
  "id": "0020",
  "original_id": "0020",
  "title": "Unicycle",
  "difficulty": 4,
  "category": "transport",
  "main_image": "img-0020.png",
  "thumbnail": "thumb-0020.png",
  "languages": {
    "chinese": {
      "big_text": " 独轮车",
      "small_text": "Dúlúnchē",
      "big_file": "big-zh-0020.png",
      "small_file": "small-zh-0020.png",
      "notes": ""
    },
    "english": {
      "big_text": "Unicycle",
      "small_text": "/jˈunəsˌaɪkəl/",
      "big_file": "big-en-0020.png",
      "small_file": "small-en-0020.png",
      "notes": ""
    }
  },
  "_folder_path": "flipcard\\flip-0020",
  "_folder_name": "flip-0020"
}