{
  "id": "0007",
  "original_id": "0007",
  "title": "3 Wheel Bike",
  "difficulty": 4,
  "category": "transport",
  "main_image": "img-0007.png",
  "thumbnail": "thumb-0007.png",
  "languages": {
    "chinese": {
      "big_text": " 三轮自行车",
      "small_text": "Sān lún zìxíngchē",
      "big_file": "big-zh-0007.png",
      "small_file": "small-zh-0007.png",
      "notes": ""
    },
    "english": {
      "big_text": "3 Wheel Bike",
      "small_text": "/3/ /wˈil/ /bˈaɪk/",
      "big_file": "big-en-0007.png",
      "small_file": "small-en-0007.png",
      "notes": ""
    }
  },
  "_folder_path": "flipcard\\flip-0007",
  "_folder_name": "flip-0007"
}