{
  "id": "0012",
  "original_id": "0012",
  "title": "Monorail",
  "difficulty": 4,
  "category": "transport",
  "main_image": "img-0012.png",
  "thumbnail": "thumb-0012.png",
  "languages": {
    "chinese": {
      "big_text": "单轨电车",
      "small_text": "Dānguǐ diànchē",
      "big_file": "big-zh-0012.png",
      "small_file": "small-zh-0012.png",
      "notes": ""
    },
    "english": {
      "big_text": "Monorail",
      "small_text": "/mˈɑnɚˌeɪl/",
      "big_file": "big-en-0012.png",
      "small_file": "small-en-0012.png",
      "notes": ""
    }
  },
  "_folder_path": "flipcard\\flip-0012",
  "_folder_name": "flip-0012"
}