{
  "metadata": {
    "version": "2.0",
    "created": "2025-08-16",
    "updated": "2025-08-16",
    "description": "Flipcard Index - Hybrid Architecture",
    "total_cards": 20,
    "architecture": "hybrid",
    "export_type": "selective",
    "exported_date": "2025-08-18"
  },
  "cards": [
    {
      "id": "0001",
      "folder": "flip-0001",
      "title": "Bicycle",
      "category": "transport",
      "difficulty": 1,
      "thumbnail": "thumb-0001.png",
      "languages": [
        "chinese",
        "english"
      ]
    },
    {
      "id": "0002",
      "folder": "flip-0002",
      "title": "Computer",
      "category": "technology",
      "difficulty": 2,
      "thumbnail": "thumb-0002.png",
      "languages": [
        "chinese",
        "english"
      ]
    },
    {
      "id": "0003",
      "folder": "flip-0003",
      "title": "Car",
      "category": "transport",
      "difficulty": 1,
      "thumbnail": "thumb-0003.png",
      "languages": [
        "chinese",
        "english"
      ]
    },
    {
      "id": "0004",
      "folder": "flip-0004",
      "title": "Tank",
      "category": "transport",
      "difficulty": 0,
      "thumbnail": "thumb-0004.png",
      "languages": [
        "chinese",
        "english"
      ]
    },
    {
      "id": "0006",
      "folder": "flip-0006",
      "title": "Taxi",
      "category": "transport",
      "difficulty": 0,
      "thumbnail": "thumb-0006.png",
      "languages": [
        "chinese",
        "english"
      ]
    },
    {
      "id": "0007",
      "folder": "flip-0007",
      "title": "3 Wheel Bike",
      "category": "transport",
      "difficulty": 4,
      "thumbnail": "thumb-0007.png",
      "languages": [
        "chinese",
        "english"
      ]
    },
    {
      "id": "0009",
      "folder": "flip-0009",
      "title": "Airplane",
      "category": "transport",
      "difficulty": 0,
      "thumbnail": "thumb-0009.png",
      "languages": [
        "chinese",
        "english"
      ]
    },
    {
      "id": "0005",
      "folder": "flip-0005",
      "title": "Bus",
      "category": "transport",
      "difficulty": 3,
      "thumbnail": "thumb-0005.png",
      "languages": [
        "chinese",
        "english"
      ]
    },
    {
      "id": "0008",
      "folder": "flip-0008",
      "title": "Cable Car",
      "category": "transport",
      "difficulty": 3,
      "thumbnail": "thumb-0008.png",
      "languages": [
        "chinese",
        "english"
      ]
    },
    {
      "id": "0010",
      "folder": "flip-0010",
      "title": "Drone",
      "category": "technology",
      "difficulty": 0,
      "thumbnail": "thumb-0010.png",
      "languages": [
        "chinese",
        "english"
      ]
    },
    {
      "id": "0011",
      "folder": "flip-0011",
      "title": "Helicopter",
      "category": "transport",
      "difficulty": 0,
      "thumbnail": "thumb-0011.png",
      "languages": [
        "chinese",
        "english"
      ]
    },
    {
      "id": "0012",
      "folder": "flip-0012",
      "title": "Monorail",
      "category": "transport",
      "difficulty": 4,
      "thumbnail": "thumb-0012.png",
      "languages": [
        "chinese",
        "english"
      ]
    },
    {
      "id": "0014",
      "folder": "flip-0014",
      "title": "Mass Rapid Transit",
      "category": "transport",
      "difficulty": 4,
      "thumbnail": "thumb-0014.png",
      "languages": [
        "chinese",
        "english"
      ]
    },
    {
      "id": "0013",
      "folder": "flip-0013",
      "title": "Pedicab",
      "category": "transport",
      "difficulty": 0,
      "thumbnail": "thumb-0013.png",
      "languages": [
        "chinese",
        "english"
      ]
    },
    {
      "id": "0015",
      "folder": "flip-0015",
      "title": "Rocket",
      "category": "transport",
      "difficulty": 2,
      "thumbnail": "thumb-0015.png",
      "languages": [
        "chinese",
        "english"
      ]
    },
    {
      "id": "0016",
      "folder": "flip-0016",
      "title": "Ship",
      "category": "transport",
      "difficulty": 0,
      "thumbnail": "thumb-0016.png",
      "languages": [
        "chinese",
        "english"
      ]
    },
    {
      "id": "0017",
      "folder": "flip-0017",
      "title": "Submarine",
      "category": "transport",
      "difficulty": 3,
      "thumbnail": "thumb-0017.png",
      "languages": [
        "chinese",
        "english"
      ]
    },
    {
      "id": "0018",
      "folder": "flip-0018",
      "title": "Tractor",
      "category": "transport",
      "difficulty": 0,
      "thumbnail": "thumb-0018.png",
      "languages": [
        "chinese",
        "english"
      ]
    },
    {
      "id": "0019",
      "folder": "flip-0019",
      "title": "Train",
      "category": "transport",
      "difficulty": 0,
      "thumbnail": "thumb-0019.png",
      "languages": [
        "chinese",
        "english"
      ]
    },
    {
      "id": "0020",
      "folder": "flip-0020",
      "title": "Unicycle",
      "category": "transport",
      "difficulty": 4,
      "thumbnail": "thumb-0020.png",
      "languages": [
        "chinese",
        "english"
      ]
    }
  ],
  "categories": {
    "transport": {
      "name": "Transportation",
      "color": "#2196F3",
      "icon": "🚗"
    },
    "technology": {
      "name": "Technology",
      "color": "#9C27B0",
      "icon": "💻"
    }
  }
}