{
  "id": "0013",
  "original_id": "0013",
  "title": "Pedicab",
  "difficulty": 0,
  "category": "transport",
  "main_image": "img-0013.png",
  "thumbnail": "thumb-0013.png",
  "languages": {
    "chinese": {
      "big_text": "三轮车",
      "small_text": "Sānlúnchē",
      "big_file": "big-zh-0013.png",
      "small_file": "small-zh-0013.png",
      "notes": ""
    },
    "english": {
      "big_text": "pedicab",
      "small_text": "ˈpedəˌkab",
      "big_file": "big-en-0013.png",
      "small_file": "small-en-0013.png",
      "notes": ""
    }
  },
  "_folder_path": "flipcard\\flip-0013",
  "_folder_name": "flip-0013"
}