{
  "id": "0003",
  "original_id": "0003",
  "title": "Car",
  "difficulty": 1,
  "category": "transport",
  "main_image": "img-0003.png",
  "thumbnail": "thumb-0003.png",
  "languages": {
    "chinese": {
      "big_text": "车",
      "small_text": "Chē",
      "big_file": "big-zh-0003.png",
      "small_file": "small-zh-0003.png",
      "notes": ""
    },
    "english": {
      "big_text": "Car",
      "small_text": "/kɑːr/",
      "big_file": "big-en-0003.png",
      "small_file": "small-en-0003.png",
      "notes": ""
    }
  },
  "tags": [
    "transport",
    "vehicle",
    "beginner"
  ],
  "_folder_path": "flipcard\\flip-0003",
  "_folder_name": "flip-0003"
}