{
  "id": "0017",
  "original_id": "0017",
  "title": "Submarine",
  "difficulty": 3,
  "category": "transport",
  "main_image": "img-0017.png",
  "thumbnail": "thumb-0017.png",
  "languages": {
    "chinese": {
      "big_text": " 潜艇",
      "small_text": "Qiántǐng",
      "big_file": "big-zh-0017.png",
      "small_file": "small-zh-0017.png",
      "notes": ""
    },
    "english": {
      "big_text": "submarine",
      "small_text": "ˈsəbməˌrēn",
      "big_file": "big-en-0017.png",
      "small_file": "small-en-0017.png",
      "notes": ""
    }
  },
  "_folder_path": "flipcard\\flip-0017",
  "_folder_name": "flip-0017"
}