{
  "id": "0006",
  "original_id": "0006",
  "title": "Taxi",
  "difficulty": 0,
  "category": "transport",
  "main_image": "img-0006.png",
  "thumbnail": "thumb-0006.png",
  "languages": {
    "chinese": {
      "big_text": "出租车",
      "small_text": "Chūzū chē",
      "big_file": "big-zh-0006.png",
      "small_file": "small-zh-0006.png",
      "notes": ""
    },
    "english": {
      "big_text": "taxi",
      "small_text": "ˈtaksē",
      "big_file": "big-en-0006.png",
      "small_file": "small-en-0006.png",
      "notes": ""
    }
  },
  "_folder_path": "flipcard\\flip-0006",
  "_folder_name": "flip-0006"
}