{
  "id": "0005",
  "original_id": "0005",
  "title": "Bus",
  "difficulty": 3,
  "category": "transport",
  "main_image": "img-0005.png",
  "thumbnail": "thumb-0005.png",
  "languages": {
    "chinese": {
      "big_text": "公共汽车",
      "small_text": "Gōnggòng qìchē",
      "big_file": "big-zh-0005.png",
      "small_file": "small-zh-0005.png",
      "notes": ""
    },
    "english": {
      "big_text": "BUS",
      "small_text": "/bˈʌs/",
      "big_file": "big-en-0005.png",
      "small_file": "small-en-0005.png",
      "notes": ""
    }
  },
  "_folder_path": "flipcard\\flip-0005",
  "_folder_name": "flip-0005"
}