{
  "id": "0018",
  "original_id": "0018",
  "title": "Tractor",
  "difficulty": 0,
  "category": "transport",
  "main_image": "img-0018.png",
  "thumbnail": "thumb-0018.png",
  "languages": {
    "chinese": {
      "big_text": "拖拉机",
      "small_text": "Tuōlājī",
      "big_file": "big-zh-0018.png",
      "small_file": "small-zh-0018.png",
      "notes": ""
    },
    "english": {
      "big_text": "tractor",
      "small_text": "/trˈæktɚ/",
      "big_file": "big-en-0018.png",
      "small_file": "small-en-0018.png",
      "notes": ""
    }
  },
  "_folder_path": "flipcard\\flip-0018",
  "_folder_name": "flip-0018"
}