{
  "id": "0009",
  "original_id": "0009",
  "title": "Airplane",
  "difficulty": 0,
  "category": "transport",
  "main_image": "img-0009.png",
  "thumbnail": "thumb-0009.png",
  "languages": {
    "chinese": {
      "big_text": "飞机",
      "small_text": "Fēijī",
      "big_file": "big-zh-0009.png",
      "small_file": "small-zh-0009.png",
      "notes": ""
    },
    "english": {
      "big_text": "AIRPLANE",
      "small_text": "/ˈɛrplˌeɪn/",
      "big_file": "big-en-0009.png",
      "small_file": "small-en-0009.png",
      "notes": ""
    }
  },
  "_folder_path": "flipcard\\flip-0009",
  "_folder_name": "flip-0009"
}