{
  "id": "0008",
  "original_id": "0008",
  "title": "Cable Car",
  "difficulty": 3,
  "category": "transport",
  "main_image": "img-0008.png",
  "thumbnail": "thumb-0008.png",
  "languages": {
    "chinese": {
      "big_text": "缆车",
      "small_text": "Lǎnchē",
      "big_file": "big-zh-0008.png",
      "small_file": "small-zh-0008.png",
      "notes": ""
    },
    "english": {
      "big_text": "Cable Car",
      "small_text": "/kˈeɪbəl/ /kˈɑr/",
      "big_file": "big-en-0008.png",
      "small_file": "small-en-0008.png",
      "notes": ""
    }
  },
  "_folder_path": "flipcard\\flip-0008",
  "_folder_name": "flip-0008"
}