{
  "id": "0016",
  "original_id": "0016",
  "title": "Ship",
  "difficulty": 0,
  "category": "transport",
  "main_image": "img-0016.png",
  "thumbnail": "thumb-0016.png",
  "languages": {
    "chinese": {
      "big_text": " 船",
      "small_text": "Chuán",
      "big_file": "big-zh-0016.png",
      "small_file": "small-zh-0016.png",
      "notes": ""
    },
    "english": {
      "big_text": "SHIP",
      "small_text": "/ʃˈɪp/",
      "big_file": "big-en-0016.png",
      "small_file": "small-en-0016.png",
      "notes": ""
    }
  },
  "_folder_path": "flipcard\\flip-0016",
  "_folder_name": "flip-0016"
}