{
  "id": "0019",
  "original_id": "0019",
  "title": "Train",
  "difficulty": 0,
  "category": "transport",
  "main_image": "img-0019.png",
  "thumbnail": "thumb-0019.png",
  "languages": {
    "chinese": {
      "big_text": "火车",
      "small_text": "Huǒchē",
      "big_file": "big-zh-0019.png",
      "small_file": "small-zh-0019.png",
      "notes": ""
    },
    "english": {
      "big_text": "train",
      "small_text": "/trˈeɪn/",
      "big_file": "big-en-0019.png",
      "small_file": "small-en-0019.png",
      "notes": ""
    }
  },
  "_folder_path": "flipcard\\flip-0019",
  "_folder_name": "flip-0019"
}