{
  "id": "0014",
  "original_id": "0014",
  "title": "Mass Rapid Transit",
  "difficulty": 4,
  "category": "transport",
  "main_image": "img-0014.png",
  "thumbnail": "thumb-0014.png",
  "languages": {
    "chinese": {
      "big_text": "大众捷运",
      "small_text": "Dàzhòng jié yùn",
      "big_file": "big-zh-0014.png",
      "small_file": "small-zh-0014.png",
      "notes": ""
    },
    "english": {
      "big_text": "MASS RAPID TRANSIT",
      "small_text": "/mˈæs/ /rˈæpəd/ /trˈænzɪt/",
      "big_file": "big-en-0014.png",
      "small_file": "small-en-0014.png",
      "notes": ""
    }
  },
  "_folder_path": "flipcard\\flip-0014",
  "_folder_name": "flip-0014"
}