{
  "id": "0011",
  "original_id": "0011",
  "title": "Helicopter",
  "difficulty": 0,
  "category": "transport",
  "main_image": "img-0011.png",
  "thumbnail": "thumb-0011.png",
  "languages": {
    "chinese": {
      "big_text": "直升机",
      "small_text": "Zhíshēngjī",
      "big_file": "big-zh-0011.png",
      "small_file": "small-zh-0011.png",
      "notes": ""
    },
    "english": {
      "big_text": "helicopter",
      "small_text": "/hˈɛlɪkˌɑptɚ/",
      "big_file": "big-en-0011.png",
      "small_file": "small-en-0011.png",
      "notes": ""
    }
  },
  "_folder_path": "flipcard\\flip-0011",
  "_folder_name": "flip-0011"
}